;;;;;;;;;;;;;;;;;;;;;;;;;;;;;;;;;
RUS_349;Estland;;;;;;;;;;;;;x;;;;
RUS_354;Kurland;;;;;;;;;;;;;x;;;;
RUS_994;Ingermanland;;;;;;;;;;;;;x;;;;
RUS_1003;Novgorod;;;;;;;;;;;;;x;;;;
FRA_412;Alsace;;;;;;;;;;;;;x;;;; 
HIS_460;Pyrenees;;;;;;;;;;;;;x;;;;
WUR_589;Swabia;;;;;;;;;;;;;x;;;;
HAN_534;Brunswick;;;;;;;;;;;;;x;;;;
AUS_768;Carinthia;;;;;;;;;;;;;x;;;;
AUS_726;Milan;;;;;;;;;;;;;x;;;;
FLA_389;Flanders;;;;;;;;;;;;;x;;;;
BNT_387;Brabant;;;;;;;;;;;;;x;;;;
FRA_392;Belgium;;;;;;;;;;;;;x;;;;
VEN_2213;Ayiti;;;;;;;;;;;;;x;;;;
FRA_1887;Pepper Coast;;;;;;;;;;;;;x;;;;
PROV1884;Ville libre;;;;;;;;;;;;;x;;;;
PROV1887;Cape Mesurado;;;;;;;;;;;;;x;;;;
PROV1888;Cape Palmas;;;;;;;;;;;;;x;;;;
PROV2222;New Lübeck;;;;;;;;;;;;;x;;;;
PROV2236;New Hamburg;;;;;;;;;;;;;x;;;;
PROV2215;Ayitian Cape;;;;;;;;;;;;;x;;;;
PROV2213;Little Venice;;;;;;;;;;;;;x;;;;
PROV2214;San Gregorio;;;;;;;;;;;;;x;;;;
PROV2216;Petrovia;;;;;;;;;;;;;x;;;;
PROV2217;Olafsland;;;;;;;;;;;;;x;;;;
PROV2226;New Caledonia;;;;;;;;;;;;;x;;;;
PROV900;Antioch;;;;;;;;;;;;;x;;;;
PROV232;New Amsterdam;;;;;;;;;;;;;x;;;;
PROV994;Hermannsburg;;;;;;;;;;;;;x;;;;
PROV351;Pernau;;;;;;;;;;;;;x;;;;
PROV356;Düneburg;;;;;;;;;;;;;x;;;;
PROV357;Mitau;;;;;;;;;;;;;x;;;;
PROV358;Windau;;;;;;;;;;;;;x;;;;
PROV359;Kurland;;;;;;;;;;;;;x;;;;
PROV365;Nimmersatt;;;;;;;;;;;;;x;;;;
PROV364;Schaulen;;;;;;;;;;;;;x;;;;
PROV363;Ponewiesch;;;;;;;;;;;;;x;;;;
PROV362;Mariampol;;;;;;;;;;;;;x;;;;
PROV361;Kauen;;;;;;;;;;;;;x;;;;
PROV360;Wilna;;;;;;;;;;;;;x;;;;
PROV861;Scutari;;;;;;;;;;;;;x;;;;
PROV862;Nicomedia;;;;;;;;;;;;;x;;;;
PROV864;Palaeokastron;;;;;;;;;;;;;x;;;;
PROV865;Dardanellia;;;;;;;;;;;;;x;;;;
PROV867;Kotyaion;;;;;;;;;;;;;x;;;;
PROV869;Smyrna;;;;;;;;;;;;;x;;;;
PROV870;Magnesia;;;;;;;;;;;;;x;;;;
PROV871;Chonai;;;;;;;;;;;;;x;;;;
PROV872;Hagios Theologos;;;;;;;;;;;;;x;;;;
PROV883;Sinope;;;;;;;;;;;;;x;;;;
PROV880;Amastris;;;;;;;;;;;;;x;;;;
PROV863;Nicaea;;;;;;;;;;;;;x;;;;
PROV881;Heracleia;;;;;;;;;;;;;x;;;;
PROV882;Trebizond;;;;;;;;;;;;;x;;;;
PROV884;Kerasous;;;;;;;;;;;;;x;;;;
PROV828;Adrianople;;;;;;;;;;;;;x;;;;
PROV858;Zorolus;;;;;;;;;;;;;x;;;;
PROV859;Gallipoli;;;;;;;;;;;;;x;;;;
PROV860;Constantinople;;;;;;;;;;;;;x;;;;
PROV830;Neapoli;;;;;;;;;;;;;x;;;;
PROV868;Dorylaion;;;;;;;;;;;;;x;;;;
PROV866;Amorion;;;;;;;;;;;;;x;;;;
PROV874;Polydorion;;;;;;;;;;;;;x;;;;
PROV875;Attaleia;;;;;;;;;;;;;x;;;;
PROV873;Ikonion;;;;;;;;;;;;;x;;;;
PROV876;Ankyra;;;;;;;;;;;;;x;;;;
PROV877;Amassia;;;;;;;;;;;;;x;;;;
PROV878;Caesarea;;;;;;;;;;;;;x;;;;
PROV879;Sivasteia;;;;;;;;;;;;;x;;;;
PROV888;Keltzene;;;;;;;;;;;;;x;;;;
PROV895;Tarsus;;;;;;;;;;;;;x;;;;
PROV896;Germanikeia;;;;;;;;;;;;;x;;;;
PROV889;Melitene;;;;;;;;;;;;;x;;;;
PROV893;Amida;;;;;;;;;;;;;x;;;;
PROV892;Hakkari;;;;;;;;;;;;;x;;;;
PROV890;Vaspurakan;;;;;;;;;;;;;x;;;;
PROV891;Baghesh;;;;;;;;;;;;;x;;;;
PROV887;Karno K'aghak';;;;;;;;;;;;;x;;;;
BYZ_869;Samos;;;;;;;;;;;;;x;;;;
BYZ_863;Opsikion;;;;;;;;;;;;;x;;;;
BYZ_880;Kastamone;;;;;;;;;;;;;x;;;;
PROV234;Beverwijck;;;;;;;;;;;;;x;;;;
PROV229;Bergen;;;;;;;;;;;;;x;;;;
PROV241;Goede Hoop;;;;;;;;;;;;;x;;;;
PROV243;New Antwerp;;;;;;;;;;;;;x;;;;
PROV240;Willemsveld;;;;;;;;;;;;;x;;;;
PROV244;Leuven;;;;;;;;;;;;;x;;;;
PROV245;Dorthoven;;;;;;;;;;;;;x;;;;
PROV246;Winterward;;;;;;;;;;;;;x;;;;
PROV247;Vlaamshaven;;;;;;;;;;;;;x;;;;
PROV248;New Ghent;;;;;;;;;;;;;x;;;;
PROV249;Valkendorp;;;;;;;;;;;;;x;;;;
PROV237;Veenburg;;;;;;;;;;;;;x;;;;
PROV242;Narragansett;;;;;;;;;;;;;x;;;;
PROV233;Lange Eylant;;;;;;;;;;;;;x;;;;
PROV235;Schenectady;;;;;;;;;;;;;x;;;;
PROV238;Harnsburg;;;;;;;;;;;;;x;;;;
PROV239;Arndorp;;;;;;;;;;;;;x;;;;
PROV224;Flevostad;;;;;;;;;;;;;x;;;;
PROV226;Gronberg;;;;;;;;;;;;;x;;;;
PROV225;Veenhout;;;;;;;;;;;;;x;;;;
PROV221;Amstelvoort;;;;;;;;;;;;;x;;;;
PROV2627;Kesselborg;;;;;;;;;;;;;x;;;;
PROV227;New Rotterdam;;;;;;;;;;;;;x;;;;
PROV217;Rhenhoven;;;;;;;;;;;;;x;;;;
PROV218;Gelstad;;;;;;;;;;;;;x;;;;
PROV222;Strandviken;;;;;;;;;;;;;x;;;;
PROV231;Sveaborg;;;;;;;;;;;;;x;;;;
PROV223;New Korsholm;;;;;;;;;;;;;x;;;;
PROV220;Karlsborg;;;;;;;;;;;;;x;;;;
PROV219;Korpstad;;;;;;;;;;;;;x;;;;
PROV209;Johanstorp;;;;;;;;;;;;;x;;;;
PROV199;Karlskoga;;;;;;;;;;;;;x;;;;
PROV2146;Värmland;;;;;;;;;;;;;x;;;;
PROV212;Ekstad;;;;;;;;;;;;;x;;;;
PROV230;Förstköping;;;;;;;;;;;;;x;;;;
PROV214;Vishamn;;;;;;;;;;;;;x;;;;
PROV213;Katrinemora;;;;;;;;;;;;;x;;;;
PROV215;Vindberg;;;;;;;;;;;;;x;;;;
PROV216;Varpen;;;;;;;;;;;;;x;;;;
PROV211;New Uppsala;;;;;;;;;;;;;x;;;;
PROV60;Fridensland;;;;;;;;;;;;;x;;;;
PROV207;Grönby;;;;;;;;;;;;;x;;;;
PROV208;Lillby;;;;;;;;;;;;;x;;;;
PROV210;Helsinghamn;;;;;;;;;;;;;x;;;;
PROV200;Blommaträsk;;;;;;;;;;;;;x;;;;
PROV2556;Kärnan;;;;;;;;;;;;;x;;;;
PROV204;Norskhavn;;;;;;;;;;;;;x;;;;
PROV2555;Norskborg;;;;;;;;;;;;;x;;;;
PROV201;Sogndal;;;;;;;;;;;;;x;;;;
PROV202;Hølen;;;;;;;;;;;;;x;;;;
PROV205;Vinmark;;;;;;;;;;;;;x;;;;
PROV206;Harlösa;;;;;;;;;;;;;x;;;;
PROV198;Hålborg;;;;;;;;;;;;;x;;;;
PROV195;New Kalmar;;;;;;;;;;;;;x;;;;
PROV196;Björnskoga;;;;;;;;;;;;;x;;;;
PROV197;Ängelhamn;;;;;;;;;;;;;x;;;;
PROV186;Falberg;;;;;;;;;;;;;x;;;;
PROV191;Vittkil;;;;;;;;;;;;;x;;;;
PROV185;Norr Strömstad;;;;;;;;;;;;;x;;;;
PROV190;Söder Strömstad;;;;;;;;;;;;;x;;;;
PROV71;Port-Royal;;;;;;;;;;;;;x;;;;
PROV72;Chedabouctou;;;;;;;;;;;;;x;;;;
PROV70;Île Saint-Jean;;;;;;;;;;;;;x;;;;
PROV73;Île Royale;;;;;;;;;;;;;x;;;;
PROV68;Louisbourg;;;;;;;;;;;;;x;;;;
PROV250;Tremont;;;;;;;;;;;;;x;;;;
PROV66;Saint-Laurent;;;;;;;;;;;;;x;;;;
PROV67;New Bourville;;;;;;;;;;;;;x;;;;
PROV57;Havre-de-Grace;;;;;;;;;;;;;x;;;;
PROV56;Belmont;;;;;;;;;;;;;x;;;;
PROV46;New Lyon;;;;;;;;;;;;;x;;;;
PROV52;Argentbourg;;;;;;;;;;;;;x;;;;
PROV53;Marnebourg;;;;;;;;;;;;;x;;;;
PROV54;Lac Gelé;;;;;;;;;;;;;x;;;;
PROV55;Château de Rivoire;;;;;;;;;;;;;x;;;;
PROV52;Belle Cascade;;;;;;;;;;;;;x;;;;
PROV51;Renault-le-Pont;;;;;;;;;;;;;x;;;;
PROV50;Fort Liberté;;;;;;;;;;;;;x;;;;
PROV48;Beaufort;;;;;;;;;;;;;x;;;;
PROV173;Détroit;;;;;;;;;;;;;x;;;;
PROV176;Granville;;;;;;;;;;;;;x;;;;
PROV174;Rivière-du-Roi;;;;;;;;;;;;;x;;;;
PROV236;Mont-Royal;;;;;;;;;;;;;x;;;;
PROV228;Gelbourg;;;;;;;;;;;;;x;;;;
PROV178;La Porte;;;;;;;;;;;;;x;;;;
PROV178;Fort Vert;;;;;;;;;;;;;x;;;;
PROV179;New Bordeaux;;;;;;;;;;;;;x;;;;
PROV180;Fort Chantilly;;;;;;;;;;;;;x;;;;
PROV181;Esperance;;;;;;;;;;;;;x;;;;
PROV182;Grande Frontière;;;;;;;;;;;;;x;;;;
PROV172;Le Passage;;;;;;;;;;;;;x;;;;
PROV160;Baie-des-Puants;;;;;;;;;;;;;x;;;;
PROV161;Supérieur;;;;;;;;;;;;;x;;;;
PROV162;Prairie-du-Sac;;;;;;;;;;;;;x;;;;
PROV163;Checagou;;;;;;;;;;;;;x;;;;
PROV164;Saint Croix;;;;;;;;;;;;;x;;;;
PROV165;New Champagne;;;;;;;;;;;;;x;;;;
PROV166;Des Plaines;;;;;;;;;;;;;x;;;;
PROV167;Fort Antoine;;;;;;;;;;;;;x;;;;
PROV168;Dumasville;;;;;;;;;;;;;x;;;;
PROV169;Fontaine;;;;;;;;;;;;;x;;;;
PROV170;New Gascogne;;;;;;;;;;;;;x;;;;
PROV171;Du Quoin;;;;;;;;;;;;;x;;;;
PROV187;Durant;;;;;;;;;;;;;x;;;;
PROV189;Fort de la Trinité;;;;;;;;;;;;;x;;;;
PROV143;Grande Chenier;;;;;;;;;;;;;x;;;;
PROV193;New Aurillac;;;;;;;;;;;;;x;;;;
PROV141;Louisiane;;;;;;;;;;;;;x;;;;
PROV145;Petit-Bourg;;;;;;;;;;;;;x;;;;
PROV144;New Troyes;;;;;;;;;;;;;x;;;;
PROV146;Saint-Louis;;;;;;;;;;;;;x;;;;
PROV142;Roseville;;;;;;;;;;;;;x;;;;
PROV132;Port Miramas;;;;;;;;;;;;;x;;;;
PROV134;Courtois;;;;;;;;;;;;;x;;;;
PROV43;Sarcelles;;;;;;;;;;;;;x;;;;
PROV147;Des Arc;;;;;;;;;;;;;x;;;;
PROV148;Fleurissant;;;;;;;;;;;;;x;;;;
PROV149;Clovisbourg;;;;;;;;;;;;;x;;;;
PROV150;Ville Riche;;;;;;;;;;;;;x;;;;
PROV153;Fort Gallia;;;;;;;;;;;;;x;;;;
PROV154;Souixville;;;;;;;;;;;;;x;;;;
PROV155;Saint-Paul;;;;;;;;;;;;;x;;;;
PROV157;Fort Allemand;;;;;;;;;;;;;x;;;;
PROV158;Grande Lac;;;;;;;;;;;;;x;;;;
PROV139;New Orléans;;;;;;;;;;;;;x;;;;
PROV192;Fort Martel;;;;;;;;;;;;;x;;;;
PROV130;Pointé Lucien;;;;;;;;;;;;;x;;;;
PROV131;Remy;;;;;;;;;;;;;x;;;;
PROV129;New Abbeville;;;;;;;;;;;;;x;;;;
PROV128;Eau Claire;;;;;;;;;;;;;x;;;;
PROV188;New Aquitaine;;;;;;;;;;;;;x;;;;
PROV127;Pierre;;;;;;;;;;;;;x;;;;
PROV126;Roubaix;;;;;;;;;;;;;x;;;;
PROV125;Lisieux;;;;;;;;;;;;;x;;;;
PROV123;Bon Air;;;;;;;;;;;;;x;;;;
PROV124;Réunion;;;;;;;;;;;;;x;;;;
PROV122;Agenville;;;;;;;;;;;;;x;;;;
PROV121;Rivière Thion;;;;;;;;;;;;;x;;;;
PROV120;New Belfort;;;;;;;;;;;;;x;;;;
PROV117;Centreville;;;;;;;;;;;;;x;;;;
PROV118;Le Moine;;;;;;;;;;;;;x;;;;
PROV119;Aurelle;;;;;;;;;;;;;x;;;;
PROV115;Fort Royal;;;;;;;;;;;;;x;;;;
PROV113;Montclair;;;;;;;;;;;;;x;;;;
PROV116;La Salle;;;;;;;;;;;;;x;;;;
PROV111;Prairie-du-Rocher;;;;;;;;;;;;;x;;;;
PROV110;Terre Haute;;;;;;;;;;;;;x;;;;
PROV112;Charitonville;;;;;;;;;;;;;x;;;;
PROV107;Blanchard;;;;;;;;;;;;;x;;;;
PROV106;Val-de-Bijoux;;;;;;;;;;;;;x;;;;
PROV109;Petit Marais;;;;;;;;;;;;;x;;;;
PROV108;Coronado;;;;;;;;;;;;;x;;;;
PROV103;Pointé-aux-Chenes;;;;;;;;;;;;;x;;;;
PROV65;Québec;;;;;;;;;;;;;x;;;;
PROV63;Témiscaming;;;;;;;;;;;;;x;;;;
PROV58;Montréal;;;;;;;;;;;;;x;;;;
PROV2625;Rivière Nord-Ouest;;;;;;;;;;;;;x;;;;
PROV76;Boisville;;;;;;;;;;;;;x;;;;
PROV9;Barraque;;;;;;;;;;;;;x;;;;
PROV59;Baie-du-Poste;;;;;;;;;;;;;x;;;;
PROV2626;Fort Calumet;;;;;;;;;;;;;x;;;;
PROV2593;Terre Gelée;;;;;;;;;;;;;x;;;;
PROV30;Bonaventure;;;;;;;;;;;;;x;;;;
PROV41;L'Assomption;;;;;;;;;;;;;x;;;;
PROV42;Marieville;;;;;;;;;;;;;x;;;;
PROV36;Terrebonne;;;;;;;;;;;;;x;;;;
PROV40;Lac Dauphiné;;;;;;;;;;;;;x;;;;
PROV35;Charlevoix-Est;;;;;;;;;;;;;x;;;;
PROV34;Val-d'Or;;;;;;;;;;;;;x;;;;
PROV24;Charlevoix-Ouest;;;;;;;;;;;;;x;;;;
PROV27;Fort Charlemagne;;;;;;;;;;;;;x;;;;
PROV22;L'Épiphanie;;;;;;;;;;;;;x;;;;
PROV33;Fort Jacques-Cartier;;;;;;;;;;;;;x;;;;
PROV49;Pointé-Claire;;;;;;;;;;;;;x;;;;
PROV2594;Fort Valois;;;;;;;;;;;;;x;;;;
PROV47;Côte-Nord;;;;;;;;;;;;;x;;;;
PROV37;Paspébiac;;;;;;;;;;;;;x;;;;
PROV39;Neuville;;;;;;;;;;;;;x;;;;
PROV38;Lacs Indiens;;;;;;;;;;;;;x;;;;
PROV2596;Fort Rou;;;;;;;;;;;;;x;;;;
PROV31;Lac Noir;;;;;;;;;;;;;x;;;;
PROV23;Rosemère;;;;;;;;;;;;;x;;;;
PROV26;Les Basques;;;;;;;;;;;;;x;;;;
PROV28;Mont-Laurier;;;;;;;;;;;;;x;;;;
PROV25;Fort Lorraine;;;;;;;;;;;;;x;;;;
PROV18;Carignan;;;;;;;;;;;;;x;;;;
PROV2629;Petite Rivière;;;;;;;;;;;;;x;;;;
PROV7;La Chute;;;;;;;;;;;;;x;;;;
PROV2598;Lac-Sergent;;;;;;;;;;;;;x;;;;
PROV11;La Malbaie;;;;;;;;;;;;;x;;;;
PROV102;Tucsón;;;;;;;;;;;;;x;;;;
PROV133;Velasco;;;;;;;;;;;;;x;;;;
PROV100;San Lázaro;;;;;;;;;;;;;x;;;;
PROV101;Alameda;;;;;;;;;;;;;x;;;;
PROV99;Mesa Verde;;;;;;;;;;;;;x;;;;
PROV97;San Agustin;;;;;;;;;;;;;x;;;;
PROV98;Alba;;;;;;;;;;;;;x;;;;
PROV95;Gran Arroyo;;;;;;;;;;;;;x;;;;
PROV94;La Corona;;;;;;;;;;;;;x;;;;
PROV86;Altavista;;;;;;;;;;;;;x;;;;
PROV95;Gran Arroyo;;;;;;;;;;;;;x;;;;
PROV93;Villa Rica;;;;;;;;;;;;;x;;;;
PROV91;Altamonte;;;;;;;;;;;;;x;;;;
PROV92;La Junta;;;;;;;;;;;;;x;;;;
PROV114;Ciudad Merced;;;;;;;;;;;;;x;;;;
PROV80;Pueblo;;;;;;;;;;;;;x;;;;
PROV82;Rancho Salamanca;;;;;;;;;;;;;x;;;;
PROV83;New Sevilla;;;;;;;;;;;;;x;;;;
PROV81;El Orejón;;;;;;;;;;;;;x;;;;
PROV79;San Roque;;;;;;;;;;;;;x;;;;
PROV78;Puerto Ángeles;;;;;;;;;;;;;x;;;;
PROV13;Bucareli;;;;;;;;;;;;;x;;;;
PROV14;San Miguel;;;;;;;;;;;;;x;;;;
PROV15;Revillagigedo;;;;;;;;;;;;;x;;;;
PROV1;Puerto Santiago;;;;;;;;;;;;;x;;;;
PROV2;Puerto Córdoba;;;;;;;;;;;;;x;;;;
PROV16;Campo verde;;;;;;;;;;;;;x;;;;
PROV17;La esperanza;;;;;;;;;;;;;x;;;;
PROV19;San Pedro;;;;;;;;;;;;;x;;;;
PROV20;Loma del Halcón;;;;;;;;;;;;;x;;;;
PROV21;Laguna seca;;;;;;;;;;;;;x;;;;
PROV6;Tierra Blanca;;;;;;;;;;;;;x;;;;
PROV2630;Agua Fria;;;;;;;;;;;;;x;;;;
PROV4;New Valencia;;;;;;;;;;;;;x;;;;
PROV3;La Paz;;;;;;;;;;;;;x;;;;
PROV5;Ponce de León;;;;;;;;;;;;;x;;;;
PROV2631;El Paraíso;;;;;;;;;;;;;x;;;;
PROV2599;Villa María;;;;;;;;;;;;;x;;;;
PROV2254;Porto Oliveto;;;;;;;;;;;;;x;;;;
PROV2255;Regina;;;;;;;;;;;;;x;;;;
PROV2252;Lavusa;;;;;;;;;;;;;x;;;;
PROV2208;Cancello;;;;;;;;;;;;;x;;;;
PROV2251;Lussino;;;;;;;;;;;;;x;;;;
PROV2253;Laureto;;;;;;;;;;;;;x;;;;
PROV2204;Corsali;;;;;;;;;;;;;x;;;;
PROV1723;Santa Caterina;;;;;;;;;;;;;x;;;;
PROV2206;Olbia;;;;;;;;;;;;;x;;;;
PROV2205;Rovigo;;;;;;;;;;;;;x;;;;
PROV2203;Borgo;;;;;;;;;;;;;x;;;;
PROV2201;Chioggia;;;;;;;;;;;;;x;;;;
PROV2202;Alba Marittima;;;;;;;;;;;;;x;;;;
PROV2198;Agrigento;;;;;;;;;;;;;x;;;;
PROV2200;Pogliana;;;;;;;;;;;;;x;;;;
PROV2197;South Aquileia;;;;;;;;;;;;;x;;;;
PROV2199;North Aquileia;;;;;;;;;;;;;x;;;;
PROV2196;Pordenone;;;;;;;;;;;;;x;;;;
PROV2195;Costa Preziosa;;;;;;;;;;;;;x;;;;
PROV2194;Le Fonti;;;;;;;;;;;;;x;;;;
PROV2191;Porto Marco Polo;;;;;;;;;;;;;x;;;;
PROV2192;Susa;;;;;;;;;;;;;x;;;;
PROV2193;San Pietro;;;;;;;;;;;;;x;;;;
PROV272;Dùn Phris;;;;;;;;;;;;;x;;;;
PROV271;Glaschu;;;;;;;;;;;;;x;;;;
PROV269;Dùn Èideann;;;;;;;;;;;;;x;;;;
PROV270;Sruighlea;;;;;;;;;;;;;x;;;;
PROV268;Dùn Dè;;;;;;;;;;;;;x;;;;
PROV266;Obar Dheathain;;;;;;;;;;;;;x;;;;
PROV267;Inbhir Nis;;;;;;;;;;;;;x;;;;
PROV1724;Arcaibh agus Sealtainn;;;;;;;;;;;;;x;;;;
PROV265;Loch Garman;;;;;;;;;;;;;x;;;;
PROV262;Port Láirge;;;;;;;;;;;;;x;;;;
PROV260;Corcaigh;;;;;;;;;;;;;x;;;;
PROV261;Luimneach;;;;;;;;;;;;;x;;;;
PROV258;Gaillimh;;;;;;;;;;;;;x;;;;
PROV259;Sligeach;;;;;;;;;;;;;x;;;;
PROV264;Cill Dara;;;;;;;;;;;;;x;;;;
PROV263;Duibhlinn;;;;;;;;;;;;;x;;;;
PROV257;Dún na nGall;;;;;;;;;;;;;x;;;;
PROV255;Doire;;;;;;;;;;;;;x;;;;
PROV256;Ard Mhacha;;;;;;;;;;;;;x;;;;
PROV254;Béal Feirste;;;;;;;;;;;;;x;;;;
PROV304;Mannin;;;;;;;;;;;;;x;;;;
PROV2578;Fearann Dearg;;;;;;;;;;;;;x;;;;
PROV2310;Dùn Èideann Ùr;;;;;;;;;;;;;x;;;;
PROV2308;Fásach Thuaidh;;;;;;;;;;;;;x;;;;
PROV2307;Fásach Theas;;;;;;;;;;;;;x;;;;
PROV2307;Uisce Glan;;;;;;;;;;;;;x;;;;
PROV2305;Port Rìoghail;;;;;;;;;;;;;x;;;;
PROV2304;Fearann Innseanach;;;;;;;;;;;;;x;;;;
PROV2297;Dùn Beinne;;;;;;;;;;;;;x;;;;
PROV2299;Chos na Sléibhe;;;;;;;;;;;;;x;;;;
PROV2302;Beinn Mhòr;;;;;;;;;;;;;x;;;;
PROV2303;Daingean Dé;;;;;;;;;;;;;x;;;;
PROV2314;Dún Sacsanach;;;;;;;;;;;;;x;;;;
PROV2312;Gleann Eaglais;;;;;;;;;;;;;x;;;;
PROV2311;Halafacs;;;;;;;;;;;;;x;;;;
PROV2313;Ràthais Ùr;;;;;;;;;;;;;x;;;;
PROV2316;Abhainn Dhomhainn;;;;;;;;;;;;;x;;;;
PROV2321;Fiodh Tropaigeach;;;;;;;;;;;;;x;;;;
PROV2319;Tír na Croise;;;;;;;;;;;;;x;;;;
PROV2317;Sgeir Mhòr;;;;;;;;;;;;;x;;;;
PROV2318;Am Pòn Mòr;;;;;;;;;;;;;x;;;;
PROV2320;Dún na Gearmáine;;;;;;;;;;;;;x;;;;
PROV2463;Arlington;;;;;;;;;;;;;x;;;;
PROV2461;Greenfield;;;;;;;;;;;;;x;;;;
PROV2459;Rochester;;;;;;;;;;;;;x;;;;
PROV2465;Carnwood;;;;;;;;;;;;;x;;;;
PROV2464;Hopedale;;;;;;;;;;;;;x;;;;
PROV2467;Fort Blackwood;;;;;;;;;;;;;x;;;;
PROV2466;Fairfield;;;;;;;;;;;;;x;;;;
PROV2554;Fort Kent;;;;;;;;;;;;;x;;;;
PROV2342;Ellington;;;;;;;;;;;;;x;;;;
PROV2343;White River;;;;;;;;;;;;;x;;;;
PROV2339;New Winchester;;;;;;;;;;;;;x;;;;
PROV2341;Jamestown;;;;;;;;;;;;;x;;;;
PROV2340;Bridgewater;;;;;;;;;;;;;x;;;;
PROV2358;Springfield;;;;;;;;;;;;;x;;;;
PROV2356;Fort Mark;;;;;;;;;;;;;x;;;;
PROV2357;Hartington;;;;;;;;;;;;;x;;;;
PROV2359;Greenwich;;;;;;;;;;;;;x;;;;
PROV2360;Yorktown;;;;;;;;;;;;;x;;;;
PROV2345;Rye;;;;;;;;;;;;;x;;;;
PROV2346;West Hertford;;;;;;;;;;;;;x;;;;
PROV2347;East Hertford;;;;;;;;;;;;;x;;;;
PROV2344;Newport;;;;;;;;;;;;;x;;;;
PROV2349;Preston;;;;;;;;;;;;;x;;;;
PROV2348;New Cardiff;;;;;;;;;;;;;x;;;;
PROV2344;Fort Greenbury;;;;;;;;;;;;;x;;;;
PROV2350;Tottenham;;;;;;;;;;;;;x;;;;
PROV2351;Sunderland;;;;;;;;;;;;;x;;;;
PROV2352;Silver Sea;;;;;;;;;;;;;x;;;;
PROV2354;White Bay;;;;;;;;;;;;;x;;;;
PROV2355;Enfield;;;;;;;;;;;;;x;;;;
PROV2332;Southport;;;;;;;;;;;;;x;;;;
PROV2328;Maryland;;;;;;;;;;;;;x;;;;
PROV2329;Milford;;;;;;;;;;;;;x;;;;
PROV2331;Fort Hadley;;;;;;;;;;;;;x;;;;
PROV2330;New Ipswich;;;;;;;;;;;;;x;;;;
PROV2325;Bakersfield;;;;;;;;;;;;;x;;;;
PROV2327;Fort Bolton;;;;;;;;;;;;;x;;;;
PROV2324;Bloomsbury;;;;;;;;;;;;;x;;;;
PROV2326;Mayfield;;;;;;;;;;;;;x;;;;
PROV2390;Fort Cromwell;;;;;;;;;;;;;x;;;;
PROV2389;Inglewood;;;;;;;;;;;;;x;;;;
PROV2383;Fort Prince Edward;;;;;;;;;;;;;x;;;;
PROV2384;Drayton Valley;;;;;;;;;;;;;x;;;;
PROV2382;New Brighton;;;;;;;;;;;;;x;;;;
PROV2381;Petersfield;;;;;;;;;;;;;x;;;;
PROV2363;Riverhead;;;;;;;;;;;;;x;;;;
PROV2361;Sherwood;;;;;;;;;;;;;x;;;;
PROV2380;Emsworth;;;;;;;;;;;;;x;;;;
PROV2379;New Chelsea;;;;;;;;;;;;;x;;;;
PROV2386;Richmond;;;;;;;;;;;;;x;;;;
PROV2387;Woodbury;;;;;;;;;;;;;x;;;;
PROV2388;Hants;;;;;;;;;;;;;x;;;;
PROV2323;New Sudbury;;;;;;;;;;;;;x;;;;
PROV2322;Welshtown;;;;;;;;;;;;;x;;;;
PROV2378;Wakefield;;;;;;;;;;;;;x;;;;
PROV2362;Brentwood;;;;;;;;;;;;;x;;;;
PROV2377;Warwick;;;;;;;;;;;;;x;;;;
PROV2376;Cumberland;;;;;;;;;;;;;x;;;;
PROV2373;Amesbury;;;;;;;;;;;;;x;;;;
PROV2374;Kingston;;;;;;;;;;;;;x;;;;
PROV2385;Ridgewood;;;;;;;;;;;;;x;;;;
PROV2375;Fort William;;;;;;;;;;;;;x;;;;
PROV2365;Maidstone;;;;;;;;;;;;;x;;;;
PROV2364;Berkeley;;;;;;;;;;;;;x;;;;
PROV2366;Amber;;;;;;;;;;;;;x;;;;
PROV2367;Fort Hope;;;;;;;;;;;;;x;;;;
PROV2372;Dawson;;;;;;;;;;;;;x;;;;
PROV2368;New Sheffield;;;;;;;;;;;;;x;;;;
PROV1714;Fort Hamilton;;;;;;;;;;;;;x;;;;
PROV2370;Hartland;;;;;;;;;;;;;x;;;;
PROV2369;Grantham;;;;;;;;;;;;;x;;;;
PROV2371;Fort Lincoln;;;;;;;;;;;;;x;;;;
PROV2315;Hardwick;;;;;;;;;;;;;x;;;;
PROV2338;Litchfield;;;;;;;;;;;;;x;;;;
PROV2337;Hull;;;;;;;;;;;;;x;;;;
PROV2393;Covington;;;;;;;;;;;;;x;;;;
PROV2395;Fort George;;;;;;;;;;;;;x;;;;
PROV2391;Rosedale;;;;;;;;;;;;;x;;;;
PROV2392;Newfoundland;;;;;;;;;;;;;x;;;;
PROV2394;Dartmouth;;;;;;;;;;;;;x;;;;
PROV2396;Port Dover;;;;;;;;;;;;;x;;;;
PROV2397;Baker Lake;;;;;;;;;;;;;x;;;;
PROV2398;Desire;;;;;;;;;;;;;x;;;;
PROV2399;Riverland;;;;;;;;;;;;;x;;;;
PROV2334;English Harbour;;;;;;;;;;;;;x;;;;
PROV2335;Fort Nelson;;;;;;;;;;;;;x;;;;
PROV2400;Keswick;;;;;;;;;;;;;x;;;;
PROV2462;Hanwell;;;;;;;;;;;;;x;;;;
PROV2353;Epworth;;;;;;;;;;;;;x;;;;
PROV2424;New Stettin;;;;;;;;;;;;;x;;;;
PROV2426;New Lüneburg;;;;;;;;;;;;;x;;;;
PROV2425;Vissilbach;;;;;;;;;;;;;x;;;;
PROV2427;Leerland;;;;;;;;;;;;;x;;;;
PROV2430;Schönstadt;;;;;;;;;;;;;x;;;;
PROV2429;Salzhaven;;;;;;;;;;;;;x;;;;
PROV2431;Freudenkirchen;;;;;;;;;;;;;x;;;;
PROV2428;New Bremen;;;;;;;;;;;;;x;;;;
PROV2433;Wilhelmshofen;;;;;;;;;;;;;x;;;;
PROV2432;Greifshut;;;;;;;;;;;;;x;;;;
PROV2434;Mönchburg;;;;;;;;;;;;;x;;;;
PROV2436;Kaisersberg;;;;;;;;;;;;;x;;;;
PROV2437;Hammeldorf;;;;;;;;;;;;;x;;;;
PROV2440;Herrenhalde;;;;;;;;;;;;;x;;;;
PROV2438;Schlechtesland;;;;;;;;;;;;;x;;;;
PROV2439;New Augsburg;;;;;;;;;;;;;x;;;;
PROV2435;Ilsheim;;;;;;;;;;;;;x;;;;
PROV2449;Lütten Lombardei;;;;;;;;;;;;;x;;;;
PROV2447;Kronhaven;;;;;;;;;;;;;x;;;;
PROV2448;Lichtendorf;;;;;;;;;;;;;x;;;;
PROV2441;Ottening;;;;;;;;;;;;;x;;;;
PROV2443;Leutenberg;;;;;;;;;;;;;x;;;;
PROV2442;Markbrücken;;;;;;;;;;;;;x;;;;
PROV2444;Sonnethal;;;;;;;;;;;;;x;;;;
PROV2445;Regenswald;;;;;;;;;;;;;x;;;;
PROV2446;Kurfürstenhagen;;;;;;;;;;;;;x;;;;
PROV2451;Rubikon;;;;;;;;;;;;;x;;;;
PROV2450;New Ravenna;;;;;;;;;;;;;x;;;;
PROV2455;Hohentrendelburg;;;;;;;;;;;;;x;;;;
PROV2306;Hallenfeld;;;;;;;;;;;;;x;;;;
PROV2457;Saalburg;;;;;;;;;;;;;x;;;;
PROV2460;Freistadt;;;;;;;;;;;;;x;;;;
PROV2423;Kaisersthal;;;;;;;;;;;;;x;;;;
PROV2422;Roteregg;;;;;;;;;;;;;x;;;;
PROV2421;New Landshut;;;;;;;;;;;;;x;;;;
PROV2418;Marlbach;;;;;;;;;;;;;x;;;;
PROV2417;Neustadt;;;;;;;;;;;;;x;;;;
PROV2550;Rosenfeld;;;;;;;;;;;;;x;;;;
PROV2452;Sankt Augustin;;;;;;;;;;;;;x;;;;
PROV2456;Adeldorf;;;;;;;;;;;;;x;;;;
PROV2453;Trostberg;;;;;;;;;;;;;x;;;;
PROV2458;Veldorf;;;;;;;;;;;;;x;;;;
PROV2420;Wolfstadt;;;;;;;;;;;;;x;;;;
PROV2416;Sondersfurt;;;;;;;;;;;;;x;;;;
PROV2419;Mindelhufe;;;;;;;;;;;;;x;;;;
PROV2333;Port Edward;;;;;;;;;;;;;x;;;;
PROV75;Port New Chelmsford;;;;;;;;;;;;;x;;;;
PROV77;Queen Elizabeth Island;;;;;;;;;;;;;x;;;;
ACD_71;Acadia;;;;;;;;;;;;;x;;;;
ACD_65;Canada;;;;;;;;;;;;;x;;;;
ACD_58;Chicoutimi;;;;;;;;;;;;;x;;;;
ACD_62;Rivière Nord-Ouest;;;;;;;;;;;;;x;;;;
ACD_74;Nouvelle-Angleterre;;;;;;;;;;;;;x;;;;
ACD_50;Renault-le-Pont;;;;;;;;;;;;;x;;;;
ACD_46;New Lyon;;;;;;;;;;;;;x;;;;
ACD_236;Mont-Royal;;;;;;;;;;;;;x;;;;
ACD_179;New Bordeaux;;;;;;;;;;;;;x;;;;
ACD_176;Détroit;;;;;;;;;;;;;x;;;;
VAL_170;New Gascogne;;;;;;;;;;;;;x;;;;
VAL_161;Supérieur;;;;;;;;;;;;;x;;;;
VAL_189;La Trinité;;;;;;;;;;;;;x;;;;
VAL_194;Misi zipi;;;;;;;;;;;;;x;;;;
VAL_139;Valois;;;;;;;;;;;;;x;;;;
UPP_190;Strömland;;;;;;;;;;;;;x;;;;
UPP_223;New Svealand;;;;;;;;;;;;;x;;;;
UPP_220;Kronland;;;;;;;;;;;;;x;;;;
UPP_2556;Kärnan;;;;;;;;;;;;;x;;;;
FRI_218;Amstelvoort;;;;;;;;;;;;;x;;;;
FRI_229;Bergen;;;;;;;;;;;;;x;;;;
FRI_226;Gronberg;;;;;;;;;;;;;x;;;;
FRI_232;New Holland;;;;;;;;;;;;;x;;;;
FRI_243;Vlaamswijck;;;;;;;;;;;;;x;;;;
FRI_246;Winterward;;;;;;;;;;;;;x;;;;
PROV914;Tripoli;;;;;;;;;;;;;x;;;;
PROV912;Arqa;;;;;;;;;;;;;x;;;;
PROV920;Ascalon;;;;;;;;;;;;;x;;;;
PROV921;Hebron;;;;;;;;;;;;;x;;;;
PROV922;Aila;;;;;;;;;;;;;x;;;;
PROV908;Kerak;;;;;;;;;;;;;x;;;;
ANT_915;Tripoli;;;;;;;;;;;;;x;;;;
JER_917;Jerusalem;;;;;;;;;;;;;x;;;;
ANT_900;Antioch;;;;;;;;;;;;;x;;;;
PROV1746;Damietta;;;;;;;;;;;;;x;;;;
PROV1757;Sinai;;;;;;;;;;;;;x;;;;
PROV1747;Tandata;;;;;;;;;;;;;x;;;;
BYZ_877;Lycia-Pamphylia;;;;;;;;;;;;;x;;;;
BYZ_862;Bithynia-Pontus;;;;;;;;;;;;;x;;;;
BYZ_863;Opsikion;;;;;;;;;;;;;x;;;;
BYZ_871;Galatia;;;;;;;;;;;;;x;;;;
BYZ_878;Cappadocia;;;;;;;;;;;;;x;;;;
BYZ_882;Chaldia;;;;;;;;;;;;;x;;;;
PROV1413;Jakarta;;;;;;;;;;;;;x;;;;
MSL_931;Assyria;;;;;;;;;;;;;x;;;;
PROV2482;Grande-Île;;;;;;;;;;;;;x;;;;
PROV2476;Port-Moselle;;;;;;;;;;;;;x;;;;
PROV2477;La Possession;;;;;;;;;;;;;x;;;;
PROV2478;Val-de-Lusignan;;;;;;;;;;;;;x;;;;
PROV2481;Montsuédois;;;;;;;;;;;;;x;;;;
PROV2479;Saint-Pierre;;;;;;;;;;;;;x;;;;
PROV2480;Pérouse;;;;;;;;;;;;;x;;;;
PROV2493;Saint-Martin;;;;;;;;;;;;;x;;;;
PROV2468;Port-Croisé;;;;;;;;;;;;;x;;;;
PROV2472;Côte d'Azur;;;;;;;;;;;;;x;;;;
PROV2471;Allier;;;;;;;;;;;;;x;;;;
PROV2474;Charleville;;;;;;;;;;;;;x;;;;
PROV2473;Matoury;;;;;;;;;;;;;x;;;;
PROV2475;Val-de-Mort;;;;;;;;;;;;;x;;;;
PROV2469;Hautsbourg;;;;;;;;;;;;;x;;;;
PROV2470;Baie-de-Capricorne;;;;;;;;;;;;;x;;;;
PROV2516;Akaroa;;;;;;;;;;;;;x;;;;
PROV2508;Petite-Île;;;;;;;;;;;;;x;;;;
PROV2509;New Toulouse;;;;;;;;;;;;;x;;;;
PROV2497;Halmstad;;;;;;;;;;;;;x;;;;
PROV2499;Bomarby;;;;;;;;;;;;;x;;;;
PROV2502;Varbo;;;;;;;;;;;;;x;;;;
PROV2602;Kärrdamm;;;;;;;;;;;;;x;;;;
PROV2501;Prinsborg;;;;;;;;;;;;;x;;;;
PROV2505;Långehamn;;;;;;;;;;;;;x;;;;
PROV2506;Johannesköping;;;;;;;;;;;;;x;;;;
PROV2604;Äsvallen;;;;;;;;;;;;;x;;;;
PROV2488;Fröland;;;;;;;;;;;;;x;;;;
PROV2487;Prästborg;;;;;;;;;;;;;x;;;;
PROV2485;Jönby;;;;;;;;;;;;;x;;;;
PROV2484;Färenberg;;;;;;;;;;;;;x;;;;
PROV2483;Slättland;;;;;;;;;;;;;x;;;;
PROV2490;Jakobstad;;;;;;;;;;;;;x;;;;
PROV2489;Garpenboda;;;;;;;;;;;;;x;;;;
PROV2603;Björkland;;;;;;;;;;;;;x;;;;
PROV2507;Arlmark;;;;;;;;;;;;;x;;;;
PROV2601;Rödsala;;;;;;;;;;;;;x;;;;
PROV2605;Vaksälen;;;;;;;;;;;;;x;;;;
PROV2503;Dalstad;;;;;;;;;;;;;x;;;;
PROV2500;Eriksborg;;;;;;;;;;;;;x;;;;
PROV2486;Kungskoga;;;;;;;;;;;;;x;;;;
PROV2495;Vistorp;;;;;;;;;;;;;x;;;;
PROV2498;Upplum;;;;;;;;;;;;;x;;;;
PROV2504;Älvdalen;;;;;;;;;;;;;x;;;;
PROV2496;Högköp;;;;;;;;;;;;;x;;;;
PROV2492;Svenfors;;;;;;;;;;;;;x;;;;
PROV2494;Vetberg;;;;;;;;;;;;;x;;;;
PROV2491;Hålmark;;;;;;;;;;;;;x;;;;
PROV1097;New Gotland;;;;;;;;;;;;;x;;;;
PROV2535;New Öland;;;;;;;;;;;;;x;;;;
MEX_78;Lower Nutca;;;;;;;;;;;;;x;;;;
MEX_14;Upper Nutca;;;;;;;;;;;;;x;;;;
MEX_18;Northwest Territories;;;;;;;;;;;;;x;;;;
MEX_104;Upper California;;;;;;;;;;;;;x;;;;
MEX_89;Lower California;;;;;;;;;;;;;x;;;;
VAL_24;Charlevoix;;;;;;;;;;;;;x;;;;
VAL_40;Dauphiné;;;;;;;;;;;;;x;;;;
ACD_49;Côte-Nord;;;;;;;;;;;;;x;;;;
VAL_31;Lacs Indiens;;;;;;;;;;;;;x;;;;
VAL_22;Épiphanie;;;;;;;;;;;;;x;;;;
VAL_23;Rosemère;;;;;;;;;;;;;x;;;;
MEX_97;San Agustin;;;;;;;;;;;;;x;;;;
MEX_81;Orejón;;;;;;;;;;;;;x;;;;
MEX_105;West Texas;;;;;;;;;;;;;x;;;;
MEX_133;South Texas;;;;;;;;;;;;;x;;;;
VAL_131;North Texas;;;;;;;;;;;;;x;;;;
VAL_132;East Texas;;;;;;;;;;;;;x;;;;
VAL_158;Grande Lac;;;;;;;;;;;;;x;;;;
VAL_155;Souix;;;;;;;;;;;;;x;;;;
VAL_122;Dakota;;;;;;;;;;;;;x;;;;
VAL_150;Iowa;;;;;;;;;;;;;x;;;;
VAL_146;Saint-Louis;;;;;;;;;;;;;x;;;;
VAL_143;Arcansas;;;;;;;;;;;;;x;;;;
VAL_106;Rivière Rouge;;;;;;;;;;;;;x;;;;
VAL_110;Terre Haute;;;;;;;;;;;;;x;;;;
VAL_116;La Salle;;;;;;;;;;;;;x;;;;
VAL_124;Réunion;;;;;;;;;;;;;x;;;;
VAL_126;Roubaix;;;;;;;;;;;;;x;;;;
ACD_2595;Nunavut;;;;;;;;;;;;;x;;;;
UPP_195;Ängelhamn;;;;;;;;;;;;;x;;;;
UPP_199;Blommeland;;;;;;;;;;;;;x;;;;
UPP_204;Nya Norge;;;;;;;;;;;;;x;;;;
UPP_205;Vinmark;;;;;;;;;;;;;x;;;;
UPP_210;Bomullskust;;;;;;;;;;;;;x;;;;
UPP_211;New Uppsula;;;;;;;;;;;;;x;;;;
LAV_2193;Costa Preziosa;;;;;;;;;;;;;x;;;;
LAV_2204;Corsali;;;;;;;;;;;;;x;;;;
LAV_2252;Lavusa;;;;;;;;;;;;;x;;;;
LAV_2197;Aquileia;;;;;;;;;;;;;x;;;;
MEX_2177;Oaxaca;;;;;;;;;;;;;x;;;;
LUS_2410;East Guyana;;;;;;;;;;;;;x;;;;
LUS_2239;West Guyana;;;;;;;;;;;;;x;;;;
LUS_2269;Curiapo;;;;;;;;;;;;;x;;;;
LUS_2277;North-West Amazonia;;;;;;;;;;;;;x;;;;
LUS_2402;North-East Amazonia;;;;;;;;;;;;;x;;;;
LUS_2407;South-West Amazonia;;;;;;;;;;;;;x;;;;
LUS_2405;South-East Amazonia;;;;;;;;;;;;;x;;;;
LUS_2418;North Mato Grosso;;;;;;;;;;;;;x;;;;
LUS_2419;South Mato Grosso;;;;;;;;;;;;;x;;;;
TLE_1705;Tlemcen;;;;;;;;;;;;;x;;;;
TLE_1713;Laghwat;;;;;;;;;;;;;x;;;;
TLE_1711;North Sahara;;;;;;;;;;;;;x;;;;
TLE_1717;South Sahara;;;;;;;;;;;;;x;;;;
MOR_1696;West Sahara;;;;;;;;;;;;;x;;;;
AFR_1744;East Sahara;;;;;;;;;;;;;x;;;;
EGY_1752;Western Desert;;;;;;;;;;;;;x;;;;
EGY_1758;New Valley;;;;;;;;;;;;;x;;;;
EGY_1745;Alexandria;;;;;;;;;;;;;x;;;;
PROV1749;Bubastis;;;;;;;;;;;;;x;;;;
OMA_1166;East Oman;;;;;;;;;;;;;x;;;;
OMA_1173;West Oman;;;;;;;;;;;;;x;;;;
RAS_1178;Yemen;;;;;;;;;;;;;x;;;;
ECA_2461;Greenfield;;;;;;;;;;;;;x;;;;
ECA_2463;Arlington;;;;;;;;;;;;;x;;;;
ECA_2358;Springfield;;;;;;;;;;;;;x;;;;
ECA_2341;Jamesland;;;;;;;;;;;;;x;;;;
ECA_2348;New Wales;;;;;;;;;;;;;x;;;;
WCA_2392;Newfoundland;;;;;;;;;;;;;x;;;;
WCA_2334;English Harbour;;;;;;;;;;;;;x;;;;
WCA_2332;Southport;;;;;;;;;;;;;x;;;;
WCA_2328;Maryland;;;;;;;;;;;;;x;;;;
WCA_2324;Bloomsbury;;;;;;;;;;;;;x;;;;
WCA_2389;Inglewood;;;;;;;;;;;;;x;;;;
WCA_2379;New Chelsea;;;;;;;;;;;;;x;;;;
WCA_2374;Kingston;;;;;;;;;;;;;x;;;;
WCA_2362;Brentwood;;;;;;;;;;;;;x;;;;
WCA_2373;Amesbury;;;;;;;;;;;;;x;;;;
WCA_2366;Amber;;;;;;;;;;;;;x;;;;
WCA_2315;Hardwick;;;;;;;;;;;;;x;;;;
WCA_2338;Litchfield;;;;;;;;;;;;;x;;;;
ECA_2344;Newport;;;;;;;;;;;;;x;;;;
RHA_2429;Salzhaven;;;;;;;;;;;;;x;;;;
RHA_2432;Greifshut;;;;;;;;;;;;;x;;;;
RHA_2436;Kaiser-Ludwigs-Land;;;;;;;;;;;;;x;;;;
RHA_2421;New Landshut;;;;;;;;;;;;;x;;;;
RHA_2442;Markbrücken;;;;;;;;;;;;;x;;;;
RHA_2447;Kronland;;;;;;;;;;;;;x;;;;
RHA_2450;Reichsfürst-Fredericks-Land;;;;;;;;;;;;;x;;;;
RHA_2457;Saalburg;;;;;;;;;;;;;x;;;;
RHA_2418;Marlbach;;;;;;;;;;;;;x;;;;
RHA_2416;Sondersfurt;;;;;;;;;;;;;x;;;;
IVE_2305;Port Rìoghail;;;;;;;;;;;;;x;;;;
IVE_2313;Ràthais Ùr;;;;;;;;;;;;;x;;;;
IVE_2316;Abhainn Dhomhainn;;;;;;;;;;;;;x;;;;
IVE_2310;Dùn Èideann Ùr;;;;;;;;;;;;;x;;;;
IVE_2304;Fearann Innseanach;;;;;;;;;;;;;x;;;;
IVE_2302;Beinn Mhòr;;;;;;;;;;;;;x;;;;
MEX_2167;Guanajuato;;;;;;;;;;;;;x;;;;
SWE_1097;New Gotland;;;;;;;;;;;;;x;;;;
FRA_2476;New Belgium;;;;;;;;;;;;;x;;;;
FRA_2468;Côte des Croisés;;;;;;;;;;;;;x;;;;
FRA_2509;Île du Nord;;;;;;;;;;;;;x;;;;
FRA_2516;Île du Sud;;;;;;;;;;;;;x;;;;
SWE_2491;Stockland;;;;;;;;;;;;;x;;;;
SWE_2483;Slättland;;;;;;;;;;;;;x;;;;
SWE_2497;Västerland;;;;;;;;;;;;;x;;;;
SWE_2505;Sjulsland;;;;;;;;;;;;;x;;;;
ARM_885;Lesser Armenia;;;;;;;;;;;;;x;;;;
ARM_889;Melitene;;;;;;;;;;;;;x;;;;
ARM_894;Cilicia;;;;;;;;;;;;;x;;;;
PROV894;Sis;;;;;;;;;;;;;x;;;;
PROV885;Karuts' K'aghak';;;;;;;;;;;;;x;;;;
PROV886;Gugark;;;;;;;;;;;;;x;;;;
PROV899;Urha;;;;;;;;;;;;;x;;;;
PROV898;Antep;;;;;;;;;;;;;x;;;;
FRA_572;Lower Lorraine;;;;;;;;;;;;;x;;;;
FRA_411;Upper Lorraine;;;;;;;;;;;;;x;;;;
DEN_334;Skåneland;;;;;;;;;;;;;x;;;;
SWE_332;Kalmar;;;;;;;;;;;;;x;;;;
SWE_330;Borås;;;;;;;;;;;;;x;;;;
PROV334;Halland;;;;;;;;;;;;;x;;;;
PROV335;Bleking;;;;;;;;;;;;;x;;;;
PROV329;Båhuslen;;;;;;;;;;;;;x;;;;
PROV467;Arles;;;;;;;;;;;;;x;;;;
ASC_558;Meissen;;;;;;;;;;;;;x;;;;
HNC_530;Northern Saxony;;;;;;;;;;;;;x;;;;
HNC_528;Southern Saxony;;;;;;;;;;;;;x;;;;
DEN_544;Western Pomerania;;;;;;;;;;;;;x;;;;
DEN_546;Eastern Pomerania;;;;;;;;;;;;;x;;;;
KOL_575;Rhineland-Palatinate;;;;;;;;;;;;;x;;;;
LUS_477;Galicia-Léon;;;;;;;;;;;;;x;;;;
CAS_479;Castilla;;;;;;;;;;;;;x;;;;
AGN_503;Valencia;;;;;;;;;;;;;x;;;;
AND_506;Cartagena;;;;;;;;;;;;;x;;;;
FRA_465;Savoie;;;;;;;;;;;;;x;;;;
FRA_607;Switzerland;;;;;;;;;;;;;x;;;;
RHA_603;Rhaetia;;;;;;;;;;;;;x;;;;
LUS_518;Portugal;;;;;;;;;;;;;x;;;;
LUS_525;Alentejo;;;;;;;;;;;;;x;;;;
AND_512;Córdoba;;;;;;;;;;;;;x;;;;
FRA_455;Toulouse;;;;;;;;;;;;;x;;;;
PROV2089;Stellenbosch;;;;;;;;;;;;;x;;;;
PROV2089;Swellendam;;;;;;;;;;;;;x;;;;
PROV2096;Johanshaven;;;;;;;;;;;;;x;;;;
RUS_1009;Borodino;;;;;;;;;;;;;x;;;;
TEU_365;Samogitia;;;;;;;;;;;;;x;;;;
SWE_345;Northern Finland;;;;;;;;;;;;;x;;;;
SWE_343;Southern Finland;;;;;;;;;;;;;x;;;;
SWE_337;Karelia;;;;;;;;;;;;;x;;;;
RUS_992;Belozersk;;;;;;;;;;;;;x;;;;
PER_1146;West Baluchistan;;;;;;;;;;;;;x;;;;
KAL_1221;East Baluchistan;;;;;;;;;;;;;x;;;;
AFG_1218;Pashtunistan;;;;;;;;;;;;;x;;;;
AFG_1209;East Afghanistan;;;;;;;;;;;;;x;;;;
PER_1215;West Afghanistan;;;;;;;;;;;;;x;;;;
PROV812;Tarnovo;;;;;;;;;;;;;x;;;;
SIC_759;Calabria;;;;;;;;;;;;;x;;;;
ITA_470;Provence;;;;;;;;;;;;;x;;;;
GOT_468;Avignon;;;;;;;;;;;;;x;;;;
POL_690;Pomerelia;;;;;;;;;;;;;x;;;;
TEU_695;Prussia;;;;;;;;;;;;;x;;;;